record_id,database,authors,year,title,journal,doi,pmid,pmcid,fulltext_status,cached_text_path,review_type,icd11_pain_category,objective_category,bps_function,provisional_typology
pubmed_2094850,PubMed,G Hampf,1990,A biopsychosocial approach to TMJ pain--or looking for keys in the dark.,Proceedings of the Finnish Dental Society. Suomen Hammaslaakariseuran toimituksia,,2094850,,manual_retrieval_required,,narrative or expert review,chronic secondary musculoskeletal pain,conceptual,explanatory framework,pseudo-bps or partial signal
pubmed_2181358,PubMed,S Lurie | R Borenstein,1990,The premenstrual syndrome.,Obstetrical & gynecological survey,10.1097/00006254-199004000-00003,2181358,,,,narrative or expert review,mixed or unspecified chronic pain,conceptual,explanatory framework,potential integrative signal
pubmed_1477890,PubMed,G Waddell,1992,Biopsychosocial analysis of low back pain.,Bailliere's clinical rheumatology,10.1016/s0950-3579(05)80126-8,1477890,,manual_retrieval_required,,narrative or expert review,chronic secondary musculoskeletal pain,unclear,unclear,pseudo-bps or partial signal
pubmed_7866373,PubMed,W E Fordyce,1994,Pain and suffering: what is the unit?,"Quality of life research : an international journal of quality of life aspects of treatment, care and rehabilitation",10.1007/BF00433377,7866373,,manual_retrieval_required,,narrative or expert review,chronic secondary musculoskeletal pain,clinical,explanatory framework,pseudo-bps or partial signal
pubmed_8842824,PubMed,S Talo | U Rytökoski | A Hämäläinen | V Kallio,1996,The biopsychosocial disease consequence model in rehabilitation: model development in the Finnish 'work hardening' programme for chronic pain.,International journal of rehabilitation research. Internationale Zeitschrift fur Rehabilitationsforschung. Revue internationale de recherches de readaptation,,8842824,,manual_retrieval_required,,narrative or expert review,chronic secondary musculoskeletal pain,methodological,explanatory framework,pseudo-bps or partial signal
pubmed_8940956,PubMed,R M Ryder,1996,Chronic pelvic pain.,American family physician,,8940956,,manual_retrieval_required,,narrative or expert review,chronic secondary visceral pain,clinical,explanatory framework,pseudo-bps or partial signal
pubmed_9927896,PubMed,P I Moran | J J Hunter | C Doyle | Z Waisman,1998,Psychiatric problems in chronic facial pain.,The Alpha omegan,,9927896,,manual_retrieval_required,,narrative or expert review,chronic secondary headache or orofacial pain,clinical,rhetorical label,rhetorical label signal
pubmed_10635197,PubMed,C Molin,1999,From bite to mind: TMD--a personal and literature review.,The International journal of prosthodontics,,10635197,,manual_retrieval_required,,narrative or expert review,chronic secondary headache or orofacial pain,conceptual,explanatory framework,pseudo-bps or partial signal
pubmed_10711057,PubMed,C L Wells-Federman,1999,Care of the patient with chronic pain: Part I.,Clinical excellence for nurse practitioners : the international journal of NPACE,,10711057,,manual_retrieval_required,,narrative or expert review,mixed or unspecified chronic pain,clinical,organizing principle,potential integrative signal
pubmed_10870733,PubMed,J D Loeser,2000,Pain and suffering.,The Clinical journal of pain,10.1097/00002508-200006001-00002,10870733,,manual_retrieval_required,,narrative or expert review,mixed or unspecified chronic pain,conceptual,rhetorical label,rhetorical label signal
pubmed_10908542,PubMed,K Karjalainen | A Malmivaara | M van Tulder | R Roine | M Jauhiainen | H Hurri | B Koes,2000,Biopsychosocial rehabilitation for upper limb repetitive strain injuries in working age adults.,The Cochrane database of systematic reviews,10.1002/14651858.CD002269,10908542,,manual_retrieval_required,,systematic review,chronic secondary musculoskeletal pain,clinical,intervention rationale,pseudo-bps or partial signal
pubmed_11092802,PubMed,R Ferrari,2000,The biopsychosocial model--a tool for rheumatologists.,Bailliere's best practice & research. Clinical rheumatology,10.1053/berh.2000.0113,11092802,,manual_retrieval_required,,narrative or expert review,mixed or unspecified chronic pain,conceptual,explanatory framework,pseudo-bps or partial signal
pubmed_11858295,PubMed,C L Wells-Federman,2000,Care of the patient with chronic pain: part II.,Clinical excellence for nurse practitioners : the international journal of NPACE,,11858295,,manual_retrieval_required,,narrative or expert review,mixed or unspecified chronic pain,clinical,intervention rationale,multifactorial signal
pubmed_11762878,PubMed,M Truchon,2001,Determinants of chronic disability related to low back pain: towards an integrative biopsychosocial model.,Disability and rehabilitation,10.1080/09638280110061744,11762878,,manual_retrieval_required,,narrative or expert review,chronic secondary musculoskeletal pain,conceptual,explanatory framework,pseudo-bps or partial signal
pubmed_12421777,PubMed,R Ferrari,2002,Prevention of chronic pain after whiplash.,Emergency medicine journal : EMJ,10.1136/emj.19.6.526,12421777,PMC1756295,pmc_fulltext_low_content_manual_check,review_stages/04_extraction/inputs/fulltext_cache/pmc/PMC1756295.txt,narrative or expert review,chronic postsurgical or posttraumatic pain,clinical,intervention rationale,pseudo-bps or partial signal
pubmed_12720511,PubMed,C Roger Goucke,2003,The management of persistent pain.,The Medical journal of Australia,10.5694/j.1326-5377.2003.tb05287.x,12720511,,manual_retrieval_required,,narrative or expert review,mixed or unspecified chronic pain,clinical,intervention rationale,multifactorial signal
pubmed_12948346,PubMed,Lisa Victor | Steven M Richeimer,2003,Psychosocial therapies for neck pain.,Physical medicine and rehabilitation clinics of North America,10.1016/s1047-9651(03)00034-2,12948346,,manual_retrieval_required,,narrative or expert review,chronic secondary musculoskeletal pain,clinical,explanatory framework,pseudo-bps or partial signal
pubmed_16968689,PubMed,Gordon Waddell,2006,Preventing incapacity in people with musculoskeletal disorders.,British medical bulletin,10.1093/bmb/ldl008,16968689,,manual_retrieval_required,,narrative or expert review,chronic secondary musculoskeletal pain,conceptual,explanatory framework,pseudo-bps or partial signal
pubmed_17149465,PubMed,John Low | Roger Lai | Peter Connaughton,2006,Back injuries--getting injured workers back to work.,Australian family physician,,17149465,,manual_retrieval_required,,narrative or expert review,chronic secondary musculoskeletal pain,clinical,intervention rationale,pseudo-bps or partial signal
pubmed_17350550,PubMed,Stefan Bergman,2007,Management of musculoskeletal pain.,Best practice & research. Clinical rheumatology,10.1016/j.berh.2006.10.001,17350550,,manual_retrieval_required,,narrative or expert review,chronic secondary musculoskeletal pain,clinical,explanatory framework,pseudo-bps or partial signal
pubmed_17371358,PubMed,Robert A Nicholson | Timothy T Houle | Jamie L Rhudy | Peter J Norton,2007,Psychological risk factors in headache.,Headache,10.1111/j.1526-4610.2006.00716.x,17371358,PMC2408884,,,narrative or expert review,chronic secondary headache or orofacial pain,conceptual,explanatory framework,pseudo-bps or partial signal
pubmed_17420400,PubMed,Mark P Jensen | Marci J Chodroff | Robert H Dworkin,2007,The impact of neuropathic pain on health-related quality of life: review and implications.,Neurology,10.1212/01.wnl.0000259085.61898.9e,17420400,,manual_retrieval_required,,meta-analysis,chronic secondary musculoskeletal pain,mixed,intervention rationale,pseudo-bps or partial signal
pubmed_17592957,PubMed,Robert J Gatchel | Yuan Bo Peng | Madelon L Peters | Perry N Fuchs | Dennis C Turk,2007,The biopsychosocial approach to chronic pain: scientific advances and future directions.,Psychological bulletin,10.1037/0033-2909.133.4.581,17592957,,manual_retrieval_required,,narrative or expert review,mixed or unspecified chronic pain,conceptual,explanatory framework,pseudo-bps or partial signal
pubmed_18235536,PubMed,Luca Scascighini | Haiko Sprott,2008,Chronic nonmalignant pain: a challenge for patients and clinicians.,Nature clinical practice. Rheumatology,10.1038/ncprheum0680,18235536,,manual_retrieval_required,,narrative or expert review,mixed or unspecified chronic pain,clinical,intervention rationale,pseudo-bps or partial signal
pubmed_19160209,PubMed,Kaija A Karjalainen | Antti Malmivaara | Maurits W van Tulder | Risto Roine | Merja Jauhiainen | Heikki Hurri | Bart W Koes,2009,WITHDRAWN: Biopsychosocial rehabilitation for upper limb repetitive strain injuries in working age adults.,The Cochrane database of systematic reviews,10.1002/14651858.CD002269.pub2,19160209,PMC10734264,pmc_fulltext_low_content_manual_check,review_stages/04_extraction/inputs/fulltext_cache/pmc/PMC10734264.txt,systematic review,chronic secondary musculoskeletal pain,clinical,intervention rationale,pseudo-bps or partial signal
pubmed_19289225,PubMed,Dawn C Buse | Frank Andrasik,2009,Behavioral medicine for migraine.,Neurologic clinics,10.1016/j.ncl.2009.01.003,19289225,,,,systematic review,chronic secondary headache or orofacial pain,clinical,intervention rationale,multifactorial signal
pubmed_19418887,PubMed,Esther H Bay | Israel Liberzon,2009,Early stress response: a vulnerability framework for functional impairment following mild traumatic brain injury.,Research and theory for nursing practice,10.1891/1541-6577.23.1.42,19418887,,manual_retrieval_required,,narrative or expert review,mixed or unspecified chronic pain,conceptual,explanatory framework,pseudo-bps or partial signal
pubmed_20425201,PubMed,Michael C Lee | Irene Tracey,2010,"Unravelling the mystery of pain, suffering, and relief with brain imaging.",Current pain and headache reports,10.1007/s11916-010-0103-0,20425201,,manual_retrieval_required,,narrative or expert review,mixed or unspecified chronic pain,conceptual,explanatory framework,pseudo-bps or partial signal
pubmed_21373784,PubMed,C Baeza-Velasco | M C Gély-Nargeot | A Bulbena Vilarrasa | J F Bravo,2011,Joint hypermobility syndrome: problems that require psychological intervention.,Rheumatology international,10.1007/s00296-011-1839-5,21373784,,manual_retrieval_required,,narrative or expert review,chronic secondary musculoskeletal pain,clinical,intervention rationale,pseudo-bps or partial signal
pubmed_22102156,PubMed,Shashi S Seshia,2012,Chronic daily headache in children and adolescents.,Current pain and headache reports,10.1007/s11916-011-0228-9,22102156,,,,narrative or expert review,chronic secondary headache or orofacial pain,clinical,intervention rationale,multifactorial signal
pubmed_22406986,PubMed,Amanda C de C Williams | Matteo Cella,2012,Medically unexplained symptoms and pain: misunderstanding and myth.,Current opinion in supportive and palliative care,10.1097/SPC.0b013e328352124f,22406986,,manual_retrieval_required,,narrative or expert review,mixed or unspecified chronic pain,conceptual,explanatory framework,pseudo-bps or partial signal
pubmed_22435173,PubMed,H Clifton Simmons,2012,"A critical review of Dr. Charles S. Greene's article titled ""Managing the Care of Patients with Temporomandibular Disorders: a new Guideline for Care"" and a revision of the American Association for Dental Research's 1996 policy statement on temporomandibular disorders, approved by the AADR Council in March 2010, published in the Journal of the American Dental Association September 2010.",Cranio : the journal of craniomandibular practice,10.1179/crn.2012.003,22435173,,manual_retrieval_required,,meta-analysis,chronic secondary headache or orofacial pain,conceptual,rhetorical label,rhetorical label signal
pubmed_22550985,PubMed,Tara Renton | Justin Durham | Vishal R Aggarwal,2012,The classification and differential diagnosis of orofacial pain.,Expert review of neurotherapeutics,10.1586/ern.12.40,22550985,,,,narrative or expert review,chronic secondary headache or orofacial pain,mixed,justification,pseudo-bps or partial signal
pubmed_22814445,PubMed,Emilio J Puentedura | Adriaan Louw,2012,A neuroscience approach to managing athletes with low back pain.,Physical therapy in sport : official journal of the Association of Chartered Physiotherapists in Sports Medicine,10.1016/j.ptsp.2011.12.001,22814445,,manual_retrieval_required,,systematic review,chronic secondary musculoskeletal pain,clinical,intervention rationale,pseudo-bps or partial signal
pubmed_23218435,PubMed,Ross Wilkie | Glenn Pransky,2012,Improving work participation for adults with musculoskeletal conditions.,Best practice & research. Clinical rheumatology,10.1016/j.berh.2012.08.004,23218435,,manual_retrieval_required,,narrative or expert review,chronic secondary musculoskeletal pain,clinical,intervention rationale,pseudo-bps or partial signal
pubmed_23314014,PubMed,Kevin Y Woo | Laura K Abbott | Lawrence Librach,2013,Evidence-based approach to manage persistent wound-related pain.,Current opinion in supportive and palliative care,10.1097/SPC.0b013e32835d7ed2,23314014,,manual_retrieval_required,,narrative or expert review,mixed or unspecified chronic pain,clinical,intervention rationale,pseudo-bps or partial signal
pubmed_23786498,PubMed,Joseph Pergolizzi | Karsten Ahlbeck | Dominic Aldington | Eli Alon | Flaminia Coluzzi | Albert Dahan | Frank Huygen | Magdalena Kocot-Kępska | Ana Cristina Mangas | Philippe Mavrocordatos | Bart Morlion | Gerhard Müller-Schwefe | Andrew Nicolaou | Concepción Pérez Hernández | Patrick Sichère | Michael Schäfer | Giustino Varrassi,2013,The development of chronic pain: physiological CHANGE necessitates a multidisciplinary approach to treatment.,Current medical research and opinion,10.1185/03007995.2013.810615,23786498,PMC3793283,,,narrative or expert review,mixed or unspecified chronic pain,clinical,intervention rationale,pseudo-bps or partial signal
pubmed_24080806,PubMed,David A Williams,2013,The importance of psychological assessment in chronic pain.,Current opinion in urology,10.1097/MOU.0b013e3283652af1,24080806,PMC4295636,pmc_fulltext_cached,review_stages/04_extraction/inputs/fulltext_cache/pmc/PMC4295636.txt,narrative or expert review,mixed or unspecified chronic pain,conceptual,explanatory framework,pseudo-bps or partial signal
pubmed_24113949,PubMed,J Durham,2013,Oral surgery: part 3. Temporomandibular disorders.,British dental journal,10.1038/sj.bdj.2013.950,24113949,,,,narrative or expert review,chronic secondary headache or orofacial pain,clinical,rhetorical label,rhetorical label signal
pubmed_24261452,PubMed,Martina K Shephard | E Anne Macgregor | Joanna M Zakrzewska,2014,Orofacial pain: a guide for the headache physician.,Headache,10.1111/head.12272,24261452,,,,narrative or expert review,chronic secondary headache or orofacial pain,clinical,intervention rationale,pseudo-bps or partial signal
pubmed_24405725,PubMed,Pyae P Phyomaung | Julia Dubowitz | Flavia M Cicuttini | Sanduni Fernando | Anita E Wluka | Paul Raaijmaakers | Yuanyuan Wang | Donna M Urquhart,2014,"Are depression, anxiety and poor mental health risk factors for knee pain? A systematic review.",BMC musculoskeletal disorders,10.1186/1471-2474-15-10,24405725,PMC3907141,pmc_fulltext_cached,review_stages/04_extraction/inputs/fulltext_cache/pmc/PMC3907141.txt,systematic review,chronic secondary musculoskeletal pain,epidemiological,intervention rationale,pseudo-bps or partial signal
pubmed_24602442,PubMed,Deborah Matteliano | Barbara J St Marie | June Oliver | Candace Coggins,2014,Adherence monitoring with chronic opioid therapy for persistent pain: a biopsychosocial-spiritual approach to mitigate risk.,Pain management nursing : official journal of the American Society of Pain Management Nurses,10.1016/j.pmn.2012.08.008,24602442,PMC3950820,pmc_fulltext_cached,review_stages/04_extraction/inputs/fulltext_cache/pmc/PMC3950820.txt,systematic review,mixed or unspecified chronic pain,clinical,organizing principle,pseudo-bps or partial signal
pubmed_24690764,PubMed,Diane M Novy | Carrie J Aigner,2014,The biopsychosocial model in cancer pain.,Current opinion in supportive and palliative care,10.1097/SPC.0000000000000046,24690764,,,,narrative or expert review,chronic cancer-related pain,conceptual,explanatory framework,pseudo-bps or partial signal
pubmed_24716562,PubMed,Ashish Chogle | Stijn Mintjens | Miguel Saps,2014,"Pediatric IBS: an overview on pathophysiology, diagnosis and treatment.",Pediatric annals,10.3928/00904481-20140325-08,24716562,,manual_retrieval_required,,narrative or expert review,chronic secondary visceral pain,conceptual,explanatory framework,potential integrative signal
pubmed_24966693,PubMed,Björn Gerdle | Bijar Ghafouri | Malin Ernberg | Britt Larsson,2014,Chronic musculoskeletal pain: review of mechanisms and biochemical biomarkers as assessed by the microdialysis technique.,Journal of pain research,10.2147/JPR.S59144,24966693,PMC4062547,pmc_fulltext_cached,review_stages/04_extraction/inputs/fulltext_cache/pmc/PMC4062547.txt,narrative or expert review,chronic secondary musculoskeletal pain,conceptual,explanatory framework,potential integrative signal
pubmed_26096090,PubMed,Matthew Hague | Nicholas Shenker,2014,How to investigate: Chronic pain.,Best practice & research. Clinical rheumatology,10.1016/j.berh.2015.04.005,26096090,,manual_retrieval_required,,narrative or expert review,mixed or unspecified chronic pain,clinical,rhetorical label,rhetorical label signal
pubmed_25953594,PubMed,René Pelletier | Johanne Higgins | Daniel Bourbonnais,2015,Addressing Neuroplastic Changes in Distributed Areas of the Nervous System Associated With Chronic Musculoskeletal Disorders.,Physical therapy,10.2522/ptj.20140575,25953594,,manual_retrieval_required,,systematic review,chronic secondary musculoskeletal pain,clinical,explanatory framework,potential integrative signal
pubmed_26039013,PubMed,Martha Kent | Crystal T Rivers | Glenda Wrenn,2015,"Goal-Directed Resilience in Training (GRIT): A Biopsychosocial Model of Self-Regulation, Executive Functions, and Personal Growth (Eudaimonia) in Evocative Contexts of PTSD, Obesity, and Chronic Pain.","Behavioral sciences (Basel, Switzerland)",10.3390/bs5020264,26039013,PMC4493448,,,narrative or expert review,mixed or unspecified chronic pain,clinical,intervention rationale,pseudo-bps or partial signal
pubmed_26600874,PubMed,Mark Obermann | Steffen Naegel | Bert Bosche | Dagny Holle,2015,An update on the management of post-traumatic headache.,Therapeutic advances in neurological disorders,10.1177/1756285615605699,26600874,PMC4643870,pmc_fulltext_low_content_manual_check,review_stages/04_extraction/inputs/fulltext_cache/pmc/PMC4643870.txt,narrative or expert review,chronic postsurgical or posttraumatic pain,clinical,intervention rationale,pseudo-bps or partial signal
pubmed_26148424,PubMed,Alicia M Thornton | Catherine Drummond,2016,Current concepts in vulvodynia with a focus on pathogenesis and pain mechanisms.,The Australasian journal of dermatology,10.1111/ajd.12365,26148424,,manual_retrieval_required,,narrative or expert review,chronic primary pain,clinical,intervention rationale,multifactorial signal
pubmed_26614715,PubMed,David Walk | Michelle Poliak-Tunis,2016,"Chronic Pain Management: An Overview of Taxonomy, Conditions Commonly Encountered, and Assessment.",The Medical clinics of North America,10.1016/j.mcna.2015.09.005,26614715,,manual_retrieval_required,,narrative or expert review,mixed or unspecified chronic pain,clinical,organizing principle,pseudo-bps or partial signal
pubmed_26614718,PubMed,Martin D Cheatle,2016,Biopsychosocial Approach to Assessing and Managing Patients with Chronic Pain.,The Medical clinics of North America,10.1016/j.mcna.2015.08.007,26614718,,manual_retrieval_required,,narrative or expert review,mixed or unspecified chronic pain,clinical,intervention rationale,pseudo-bps or partial signal
pubmed_26889614,PubMed,Melita J Giummarra | Liane Ioannou | Jennie Ponsford | Peter A Cameron | Paul A Jennings | Stephen J Gibson | Nellie Georgiou-Karistianis,2016,Chronic Pain Following Motor Vehicle Collision: A Systematic Review of Outcomes Associated With Seeking or Receiving Compensation.,The Clinical journal of pain,10.1097/AJP.0000000000000342,26889614,,manual_retrieval_required,,systematic review,chronic postsurgical or posttraumatic pain,epidemiological,explanatory framework,pseudo-bps or partial signal
pubmed_27023418,PubMed,Joseph W Ditre | Bryan W Heckman | Emily L Zale | Jesse D Kosiba | Stephen A Maisto,2016,Acute analgesic effects of nicotine and tobacco in humans: a meta-analysis.,Pain,10.1097/j.pain.0000000000000572,27023418,PMC4912401,pmc_fulltext_cached,review_stages/04_extraction/inputs/fulltext_cache/pmc/PMC4912401.txt,meta-analysis,mixed or unspecified chronic pain,epidemiological,rhetorical label,rhetorical label signal
pubmed_27246519,PubMed,D Borsook | C Linnman | V Faria | A M Strassman | L Becerra | I Elman,2016,Reward deficiency and anti-reward in pain chronification.,Neuroscience and biobehavioral reviews,10.1016/j.neubiorev.2016.05.033,27246519,,manual_retrieval_required,,systematic review,mixed or unspecified chronic pain,conceptual,explanatory framework,pseudo-bps or partial signal
pubmed_27325001,PubMed,Joanna M Zakrzewska,2016,Chronic/Persistent Idiopathic Facial Pain.,Neurosurgery clinics of North America,10.1016/j.nec.2016.02.012,27325001,,manual_retrieval_required,,systematic review,chronic secondary headache or orofacial pain,clinical,intervention rationale,pseudo-bps or partial signal
pubmed_27344405,PubMed,W Michael Hooten,2016,"Chronic Pain and Mental Health Disorders: Shared Neural Mechanisms, Epidemiology, and Treatment.",Mayo Clinic proceedings,10.1016/j.mayocp.2016.04.029,27344405,,manual_retrieval_required,,narrative or expert review,mixed or unspecified chronic pain,clinical,explanatory framework,pseudo-bps or partial signal
pubmed_27351769,PubMed,Amarins J Wijma | C Paul van Wilgen | Mira Meeus | Jo Nijs,2016,Clinical biopsychosocial physiotherapy assessment of patients with chronic pain: The first step in pain neuroscience education.,Physiotherapy theory and practice,10.1080/09593985.2016.1194651,27351769,,manual_retrieval_required,,narrative or expert review,mixed or unspecified chronic pain,clinical,organizing principle,potential integrative signal
pubmed_27496639,PubMed,Tara M Robinson | Ephraim J Fuchs,2016,Allogeneic stem cell transplantation for sickle cell disease.,Current opinion in hematology,10.1097/MOH.0000000000000282,27496639,PMC5130409,pmc_fulltext_cached,review_stages/04_extraction/inputs/fulltext_cache/pmc/PMC5130409.txt,narrative or expert review,mixed or unspecified chronic pain,clinical,rhetorical label,rhetorical label signal
pubmed_27902569,PubMed,Roger B Fillingim,2017,Individual differences in pain: understanding the mosaic that makes pain personal.,Pain,10.1097/j.pain.0000000000000775,27902569,PMC5350021,pmc_fulltext_cached,review_stages/04_extraction/inputs/fulltext_cache/pmc/PMC5350021.txt,narrative or expert review,mixed or unspecified chronic pain,conceptual,explanatory framework,pseudo-bps or partial signal
pubmed_28359011,PubMed,Lynn D Bardin | Peter King | Chris G Maher,2017,Diagnostic triage for low back pain: a practical approach for primary care.,The Medical journal of Australia,10.5694/mja16.00828,28359011,,manual_retrieval_required,,narrative or expert review,chronic secondary musculoskeletal pain,clinical,organizing principle,pseudo-bps or partial signal
pubmed_28371175,PubMed,John Booth | G Lorimer Moseley | Marcus Schiltenwolf | Aidan Cashin | Michael Davies | Markus Hübscher,2017,Exercise for chronic musculoskeletal pain: A biopsychosocial approach.,Musculoskeletal care,10.1002/msc.1191,28371175,,manual_retrieval_required,,narrative or expert review,chronic secondary musculoskeletal pain,clinical,intervention rationale,multifactorial signal
pubmed_28752491,PubMed,Emily J Bartley | Shreela Palit | Roland Staud,2017,Predictors of Osteoarthritis Pain: the Importance of Resilience.,Current rheumatology reports,10.1007/s11926-017-0683-3,28752491,PMC6335024,pmc_fulltext_cached,review_stages/04_extraction/inputs/fulltext_cache/pmc/PMC6335024.txt,systematic review,chronic secondary musculoskeletal pain,conceptual,explanatory framework,pseudo-bps or partial signal
WOS:000453643300005,Web of Science,"Draper-Rodi, Jerry | Vogel, Steven | Bishop, Annette",2018,Identification of prognostic factors and assessment methods on the evaluation of non-specific low back pain in a biopsychosocial environment: A scoping review,INTERNATIONAL JOURNAL OF OSTEOPATHIC MEDICINE,10.1016/j.ijosm.2018.07.001,,,manual_retrieval_required,,scoping or mapping review,chronic secondary musculoskeletal pain,clinical,organizing principle,pseudo-bps or partial signal
pubmed_28947182,PubMed,Lucia Gagliese | Lynn R Gauthier | Nadine Narain | Tamlyn Freedman,2018,"Pain, aging and dementia: Towards a biopsychosocial model.",Progress in neuro-psychopharmacology & biological psychiatry,10.1016/j.pnpbp.2017.09.022,28947182,,manual_retrieval_required,,systematic review,mixed or unspecified chronic pain,conceptual,explanatory framework,pseudo-bps or partial signal
pubmed_29460009,PubMed,Roger Chou | Pierre Côté | Kristi Randhawa | Paola Torres | Hainan Yu | Margareta Nordin | Eric L Hurwitz | Scott Haldeman | Christine Cedraschi,2018,The Global Spine Care Initiative: applying evidence-based guidelines on the non-invasive management of back and neck pain to low- and middle-income communities.,"European spine journal : official publication of the European Spine Society, the European Spinal Deformity Society, and the European Section of the Cervical Spine Research Society",10.1007/s00586-017-5433-8,29460009,,manual_retrieval_required,,systematic review,chronic secondary musculoskeletal pain,clinical,intervention rationale,multifactorial signal
pubmed_29494401,PubMed,Katherine T Martucci | Sean C Mackey,2018,Neuroimaging of Pain: Human Evidence and Clinical Relevance of Central Nervous System Processes and Modulation.,Anesthesiology,10.1097/ALN.0000000000002137,29494401,PMC5953782,pmc_fulltext_cached,review_stages/04_extraction/inputs/fulltext_cache/pmc/PMC5953782.txt,narrative or expert review,mixed or unspecified chronic pain,conceptual,rhetorical label,rhetorical label signal
pubmed_29722923,PubMed,Lydia Wai Tai | Sung Ching Yeung | Chi Wai Cheung,2018,Enriched Environment and Effects on Neuropathic Pain: Experimental Findings and Mechanisms.,Pain practice : the official journal of World Institute of Pain,10.1111/papr.12706,29722923,,,,systematic review,chronic neuropathic pain,clinical,rhetorical label,rhetorical label signal
pubmed_29729787,PubMed,Amanda M Brandow | Michael R DeBaun,2018,Key Components of Pain Management for Children and Adults with Sickle Cell Disease.,Hematology/oncology clinics of North America,10.1016/j.hoc.2018.01.014,29729787,PMC6800257,pmc_fulltext_cached,review_stages/04_extraction/inputs/fulltext_cache/pmc/PMC6800257.txt,narrative or expert review,mixed or unspecified chronic pain,clinical,background framing,rhetorical label signal
pubmed_30520741,PubMed,Benjamin Luchting | Shahnaz Christina Azad,2019,Pain therapy for the elderly patient: is opioid-free an option?,Current opinion in anaesthesiology,10.1097/ACO.0000000000000675,30520741,,manual_retrieval_required,,narrative or expert review,mixed or unspecified chronic pain,clinical,intervention rationale,pseudo-bps or partial signal
pubmed_30594766,PubMed,Seyed Javad Mousavi | Jaap H van Dieën | Dennis E Anderson,2019,Low back pain: Moving toward mechanism-based management.,"Clinical biomechanics (Bristol, Avon)",10.1016/j.clinbiomech.2018.12.010,30594766,,manual_retrieval_required,,narrative or expert review,chronic secondary musculoskeletal pain,clinical,intervention rationale,pseudo-bps or partial signal
pubmed_30893103,PubMed,Petra Schweinhardt,2019,Where has the 'bio' in bio-psycho-social gone?,Current opinion in supportive and palliative care,10.1097/SPC.0000000000000420,30893103,,manual_retrieval_required,,narrative or expert review,chronic postsurgical or posttraumatic pain,conceptual,explanatory framework,pseudo-bps or partial signal
pubmed_31466408,PubMed,Jon Ford | Andrew Hahne | Luke Surkitt | Alexander Chan | Matthew Richards,2019,The Evolving Case Supporting Individualised Physiotherapy for Low Back Pain.,Journal of clinical medicine,10.3390/jcm8091334,31466408,PMC6780711,pmc_fulltext_cached,review_stages/04_extraction/inputs/fulltext_cache/pmc/PMC6780711.txt,narrative or expert review,chronic secondary musculoskeletal pain,clinical,intervention rationale,pseudo-bps or partial signal
pubmed_31878346,PubMed,Carole A Paley | Mark I Johnson,2019,Acupuncture for the Relief of Chronic Pain: A Synthesis of Systematic Reviews.,"Medicina (Kaunas, Lithuania)",10.3390/medicina56010006,31878346,PMC7023333,pmc_fulltext_cached,review_stages/04_extraction/inputs/fulltext_cache/pmc/PMC7023333.txt,systematic review,mixed or unspecified chronic pain,clinical,background framing,multifactorial signal
pubmed_32010899,PubMed,Esin Temeloğlu Şen | Ayla Hocaoğlu | Özlem Sertel Berk,2019,Group Psychotherapy With Fibromyalgia Patients: A Systematic Review.,Archives of rheumatology,10.5606/ArchRheumatol.2019.6801,32010899,PMC6974394,pmc_fulltext_low_content_manual_check,review_stages/04_extraction/inputs/fulltext_cache/pmc/PMC6974394.txt,systematic review,chronic primary pain,clinical,conclusion,rhetorical label signal
pubmed_31977935,PubMed,Riikka Holopainen | Phoebe Simpson | Arja Piirainen | Jaro Karppinen | Rob Schütze | Anne Smith | Peter O'Sullivan | Peter Kent,2020,Physiotherapists' perceptions of learning and implementing a biopsychosocial intervention to treat musculoskeletal pain conditions: a systematic review and metasynthesis of qualitative studies.,Pain,10.1097/j.pain.0000000000001809,31977935,,manual_retrieval_required,,systematic review,chronic secondary musculoskeletal pain,clinical,intervention rationale,pseudo-bps or partial signal
pubmed_32870949,PubMed,Charles S Greene | Daniele Manfredini,2020,"Treating Temporomandibular Disorders in the 21st Century: Can We Finally Eliminate the ""Third Pathway""?",Journal of oral & facial pain and headache,10.11607/ofph.2608,32870949,,,,narrative or expert review,chronic secondary headache or orofacial pain,clinical,justification,pseudo-bps or partial signal
pubmed_32871946,PubMed,Ildephonse Nduwimana | Félix Nindorera | Jean Louis Thonnard | Oyene Kossi,2020,Effectiveness of walking versus mind-body therapies in chronic low back pain: A systematic review and meta-analysis of recent randomized controlled trials.,Medicine,10.1097/MD.0000000000021969,32871946,PMC7458239,pmc_fulltext_cached,review_stages/04_extraction/inputs/fulltext_cache/pmc/PMC7458239.txt,meta-analysis,chronic secondary musculoskeletal pain,clinical,intervention rationale,pseudo-bps or partial signal
pubmed_32988440,PubMed,G David Baxter | Cathy Chapple | Richard Ellis | Julia Hill | Lizhou Liu | Ramakrishnan Mani | Duncan Reid | Tim Stokes | Steve Tumilty,2020,Six things you need to know about low back pain.,Journal of primary health care,10.1071/HC19117,32988440,,manual_retrieval_required,,narrative or expert review,chronic secondary musculoskeletal pain,clinical,intervention rationale,pseudo-bps or partial signal
pubmed_33396262,PubMed,Domenico D'Amico | Stewart J Tepper | Erika Guastafierro | Claudia Toppo | Matilde Leonardi | Licia Grazzi | Paolo Martelletti | Alberto Raggi,2020,Mapping Assessments Instruments for Headache Disorders against the ICF Biopsychosocial Model of Health and Disability.,International journal of environmental research and public health,10.3390/ijerph18010246,33396262,PMC7795912,,,scoping or mapping review,chronic secondary headache or orofacial pain,methodological,organizing principle,pseudo-bps or partial signal
pubmed_33563380,PubMed,Yifan Xu | Kimberly M Mauer | Amit Singh,2021,"Pain Management in Neurosurgery: Back and Lower Extremity Pain, Trigeminal Neuralgia.",Anesthesiology clinics,10.1016/j.anclin.2020.11.004,33563380,,manual_retrieval_required,,narrative or expert review,mixed or unspecified chronic pain,clinical,intervention rationale,pseudo-bps or partial signal
pubmed_33682560,PubMed,Andreas A Argyriou | Dimos-Dimitrios Mitsikostas | Elisa Mantovani | Pantelis Litsardopoulos | Vasileios Panagiotopoulos | Stefano Tamburin,2021,An updated brief overview on post-traumatic headache and a systematic review of the non-pharmacological interventions for its management.,Expert review of neurotherapeutics,10.1080/14737175.2021.1900734,33682560,,manual_retrieval_required,,systematic review,chronic secondary headache or orofacial pain,clinical,intervention rationale,multifactorial signal
pubmed_34793635,PubMed,Charbel Najem | Naziru Bashir Mukhtar | Farah Ayoubi | Jessica van Oosterwijck | Barbara Cagnie | Kayleigh De Meulemeester | Mira Meeus,2021,"Religious Beliefs and Attitudes in Relation to Pain, Pain-Related Beliefs, Function, and Coping in Chronic Musculoskeletal Pain: A Systematic Review.",Pain physician,,34793635,,manual_retrieval_required,,systematic review,chronic secondary musculoskeletal pain,clinical,background framing,rhetorical label signal
pubmed_35434749,PubMed,Sanam Mustafa | Samuel Evans | Benjamin Barry | Daniel Barratt | Yibo Wang | Cong Lin | Xiaohui Wang | Mark R Hutchinson,2022,Toll-Like Receptor 4 in Pain: Bridging Molecules-to-Cells-to-Systems.,Handbook of experimental pharmacology,10.1007/164_2022_587,35434749,,manual_retrieval_required,,narrative or expert review,mixed or unspecified chronic pain,conceptual,explanatory framework,pseudo-bps or partial signal
pubmed_35467583,PubMed,Isabel C Green | Tatnai Burnett | Abimbola Famuyide,2022,Persistent Pelvic Pain in Patients With Endometriosis.,Clinical obstetrics and gynecology,10.1097/GRF.0000000000000712,35467583,,,,narrative or expert review,chronic secondary visceral pain,clinical,organizing principle,pseudo-bps or partial signal
pubmed_35990762,PubMed,Nathan Edgar | Christopher Clifford | Seth O'Neill | Carles Pedret | Paul Kirwan | Neal L Millar,2022,Biopsychosocial approach to tendinopathy.,BMJ open sport & exercise medicine,10.1136/bmjsem-2022-001326,35990762,PMC9345071,pmc_fulltext_cached,review_stages/04_extraction/inputs/fulltext_cache/pmc/PMC9345071.txt,narrative or expert review,chronic secondary musculoskeletal pain,clinical,intervention rationale,multifactorial signal
pubmed_36278735,PubMed,Rosario Ferlito | Chiara Blatti | Ludovico Lucenti | Umberto Boscarino | Marco Sapienza | Vito Pavone | Gianluca Testa,2022,Pain Education in the Management of Patients with Chronic Low Back Pain: A Systematic Review.,Journal of functional morphology and kinesiology,10.3390/jfmk7040074,36278735,PMC9590060,pmc_fulltext_cached,review_stages/04_extraction/inputs/fulltext_cache/pmc/PMC9590060.txt,systematic review,chronic secondary musculoskeletal pain,clinical,intervention rationale,pseudo-bps or partial signal
WOS:001116314900001,Web of Science,"Jurak, Ivan | Delas, Kristina | Erjavec, Lana | Stare, Janez | Locatelli, Igor",2023,Effects of Multidisciplinary Biopsychosocial Rehabilitation on Short-Term Pain and Disability in Chronic Low Back Pain: A Systematic Review with Network Meta-Analysis,JOURNAL OF CLINICAL MEDICINE,10.3390/jcm12237489,,,pmc_fulltext_cached,review_stages/04_extraction/inputs/fulltext_cache/pmc/PMC10707228.txt,network meta-analysis,chronic secondary musculoskeletal pain,clinical,intervention rationale,pseudo-bps or partial signal
pubmed_35645164,PubMed,Ben Cormack | Peter Stilwell | Sabrina Coninx | Jo Gibson,2023,The biopsychosocial model is lost in translation: from misrepresentation to an enactive modernization.,Physiotherapy theory and practice,10.1080/09593985.2022.2080130,35645164,,manual_retrieval_required,,narrative or expert review,chronic secondary musculoskeletal pain,conceptual,explanatory framework,pseudo-bps or partial signal
pubmed_36527589,PubMed,Demario S Overstreet | Bethany D Pester | Jenna M Wilson | K Mikayla Flowers | Nora K Kline | Samantha M Meints,2023,"The Experience of BIPOC Living with Chronic Pain in the USA: Biopsychosocial Factors that Underlie Racial Disparities in Pain Outcomes, Comorbidities, Inequities, and Barriers to Treatment.",Current pain and headache reports,10.1007/s11916-022-01098-8,36527589,PMC10683048,pmc_fulltext_cached,review_stages/04_extraction/inputs/fulltext_cache/pmc/PMC10683048.txt,narrative or expert review,mixed or unspecified chronic pain,epidemiological,explanatory framework,potential integrative signal
pubmed_36675454,PubMed,Jakub Włodarczyk | Jacek Burzyński | Bartłomiej Czerwiński | Mateusz Prusisz | Katarzyna Socała | Ewa Poleszak | Jakub Fichna | Kasper Maryńczak | Marcin Włodarczyk | Łukasz Dziki,2023,Management of Pelvic Pain in Patients with Crohn's Disease-Current Overview.,Journal of clinical medicine,10.3390/jcm12020526,36675454,PMC9862261,,,narrative or expert review,chronic secondary visceral pain,clinical,background framing,rhetorical label signal
pubmed_36706441,PubMed,James Gerhart | Katherine Ramos | Laura S Porter | Scott Ravyts | Sonia Malhotra | Brenna Mossman | Ashley Eaton England | Sarah Alonzi | Tristen Peyser | Seowoo Kim | Sean O'Mahony | John W Burns | Michael Hoerger,2023,Top Ten Tips Palliative Care Clinicians Should Know About Behavioral Pain Management for Persistent Pain.,Journal of palliative medicine,10.1089/jpm.2022.0571,36706441,PMC10398738,pmc_fulltext_low_content_manual_check,review_stages/04_extraction/inputs/fulltext_cache/pmc/PMC10398738.txt,narrative or expert review,mixed or unspecified chronic pain,clinical,explanatory framework,pseudo-bps or partial signal
pubmed_36791365,PubMed,Rosita Frazier | B U K Li | Thangam Venkatesan,2023,Diagnosis and Management of Cyclic Vomiting Syndrome: A Critical Review.,The American journal of gastroenterology,10.14309/ajg.0000000000002216,36791365,,,,narrative or expert review,chronic secondary headache or orofacial pain,clinical,intervention rationale,multifactorial signal
pubmed_37575343,PubMed,Erin T Carey | Asha B McClurg,2023,Evaluation and Medical Management of Chronic Pelvic Pain.,Seminars in interventional radiology,10.1055/s-0043-1770715,37575343,PMC10415055,pmc_fulltext_low_content_manual_check,review_stages/04_extraction/inputs/fulltext_cache/pmc/PMC10415055.txt,systematic review,chronic secondary visceral pain,clinical,intervention rationale,pseudo-bps or partial signal
pubmed_38132273,PubMed,Sadiq Rahman | Ali Kidwai | Emiliya Rakhamimova | Murad Elias | William Caldwell | Sergio D Bergese,2023,Clinical Diagnosis and Treatment of Chronic Pain.,"Diagnostics (Basel, Switzerland)",10.3390/diagnostics13243689,38132273,PMC10743062,pmc_fulltext_cached,review_stages/04_extraction/inputs/fulltext_cache/pmc/PMC10743062.txt,narrative or expert review,mixed or unspecified chronic pain,clinical,organizing principle,pseudo-bps or partial signal
pubmed_38137395,PubMed,Jorge Ruimonte-Crespo | Gustavo Plaza-Manzano | María José Díaz-Arribas | Marcos José Navarro-Santana | José Javier López-Marcos | Raúl Fabero-Garrido | Tamara Seijas-Fernández | Juan Antonio Valera-Calero,2023,Aerobic Exercise and Neuropathic Pain: Insights from Animal Models and Implications for Human Therapy.,Biomedicines,10.3390/biomedicines11123174,38137395,PMC10740819,,,narrative or expert review,chronic neuropathic pain,clinical,rhetorical label,rhetorical label signal
pubmed_38063895,PubMed,Rajish Sanjit Kumar Shil | Thomas William Hughes | Brendan Francis Sargent | Yun Huang | Arina Anna Tamborska | Bernhard Frank | Mark Alexander Ellul | Benedict Daniel Michael,2024,A clinical approach to the investigation and management of long COVID associated neuropathic pain.,European archives of psychiatry and clinical neuroscience,10.1007/s00406-023-01721-8,38063895,PMC11579083,,,narrative or expert review,chronic neuropathic pain,clinical,intervention rationale,pseudo-bps or partial signal
pubmed_38470686,PubMed,Joanna Warzocha | Joanna Gadomska-Krasny | Joanna Mrowiec,2024,Etiologic Factors of Temporomandibular Disorders: A Systematic Review of Literature Containing Diagnostic Criteria for Temporomandibular Disorders (DC/TMD) and Research Diagnostic Criteria for Temporomandibular Disorders (RDC/TMD) from 2018 to 2022.,"Healthcare (Basel, Switzerland)",10.3390/healthcare12050575,38470686,PMC10931313,pmc_fulltext_cached,review_stages/04_extraction/inputs/fulltext_cache/pmc/PMC10931313.txt,systematic review,chronic secondary headache or orofacial pain,epidemiological,rhetorical label,rhetorical label signal
pubmed_38754116,PubMed,Ajith D Polonowita | Athula K Polonowita | Li Mei | Guangzhao Guan,2024,Construction of the chronic temporomandibular disorder patients: the association between neural and psychological pathways.,The New Zealand medical journal,10.26635/6965.6513,38754116,,manual_retrieval_required,,narrative or expert review,mixed or unspecified chronic pain,conceptual,explanatory framework,potential integrative signal
pubmed_39137213,PubMed,Aliyu Lawan | Alex Aubertin | Jane Mical | Joanne Hum | Michelle L Graf | Peter Marley | Zachary Bolton | David M Walton,2024,Is educational attainment associated with the onset and outcomes of low back pain? a systematic review and meta-analysis.,PloS one,10.1371/journal.pone.0308625,39137213,PMC11321572,pmc_fulltext_cached,review_stages/04_extraction/inputs/fulltext_cache/pmc/PMC11321572.txt,meta-analysis,chronic secondary musculoskeletal pain,methodological,unclear,pseudo-bps or partial signal
pubmed_39468650,PubMed,Bastien Couëpel | Mathieu Tremblay | Marjorie Bernier | Jacques Abboud | Martin Descarreaux,2024,What are the functional and clinical characteristics shared by fibromyalgia and low back pain? A scoping review.,BMC rheumatology,10.1186/s41927-024-00430-6,39468650,PMC11514884,pmc_fulltext_cached,review_stages/04_extraction/inputs/fulltext_cache/pmc/PMC11514884.txt,scoping or mapping review,chronic primary pain,clinical,organizing principle,potential integrative signal
pubmed_39629040,PubMed,Bahar Dehghan | Narges Abolhasanzadeh | Behrouz Shademan | Alireza Nourazarian,2024,Deciphering pain: molecular mechanisms and neurochemical pathways-challenges and future opportunities.,Frontiers in molecular biosciences,10.3389/fmolb.2024.1382555,39629040,PMC11613041,pmc_fulltext_cached,review_stages/04_extraction/inputs/fulltext_cache/pmc/PMC11613041.txt,narrative or expert review,mixed or unspecified chronic pain,conceptual,explanatory framework,pseudo-bps or partial signal
pubmed_39768944,PubMed,Alexandra Alonso-Sal | José Luís Alonso-Perez | María Dolores Sosa-Reina | Juan Antonio García-Noblejas-Fernández | Viren Gul Balani-Balani | Giacomo Rossettini | Jorge Hugo Villafañe,2024,Effectiveness of Physical Activity in the Management of Nonspecific Low Back Pain: A Systematic Review.,"Medicina (Kaunas, Lithuania)",10.3390/medicina60122065,39768944,PMC11678838,pmc_fulltext_cached,review_stages/04_extraction/inputs/fulltext_cache/pmc/PMC11678838.txt,systematic review,chronic secondary musculoskeletal pain,clinical,intervention rationale,pseudo-bps or partial signal
pubmed_40101218,PubMed,Caroline Rometsch | Alexandra Martin | Florian Junne | Fiammetta Cosci,2025,Chronic pain in European adult populations: a systematic review of prevalence and associated clinical features.,Pain,10.1097/j.pain.0000000000003406,40101218,PMC11921450,pmc_fulltext_cached,review_stages/04_extraction/inputs/fulltext_cache/pmc/PMC11921450.txt,systematic review,mixed or unspecified chronic pain,epidemiological,background framing,rhetorical label signal
pubmed_40170347,PubMed,Filipe L Souza | Hannah Bowman | Francis Yang | Negin Hesam-Shariati | Jackson Linke | Yannick L Gilanyi | Matthew D Jones | Rafael Z-Pinto | James H McAuley | Rodrigo R N Rizzo,2025,Conversational Agents to Support Pain Management: A Scoping Review.,"European journal of pain (London, England)",10.1002/ejp.70016,40170347,PMC11962237,pmc_fulltext_cached,review_stages/04_extraction/inputs/fulltext_cache/pmc/PMC11962237.txt,scoping or mapping review,mixed or unspecified chronic pain,clinical,background framing,rhetorical label signal
pubmed_40418249,PubMed,Jennifer Tinsley Kubala | Rachel Kleis | Johanna Hoch,2025,Biopsychosocial and physical factors associated with firefighter musculoskeletal disorders: a systematic review.,Journal of occupational health,10.1093/joccuh/uiaf028,40418249,PMC12202764,pmc_fulltext_cached,review_stages/04_extraction/inputs/fulltext_cache/pmc/PMC12202764.txt,systematic review,chronic secondary musculoskeletal pain,epidemiological,organizing principle,pseudo-bps or partial signal
pubmed_40624502,PubMed,Sarah Potthoff | Dominik Koesling | Claudia Bozzaro,2025,Social dimensions as explanatory approaches for the development of chronic pain: a meta-ethnography of qualitative studies.,International journal for equity in health,10.1186/s12939-025-02560-w,40624502,PMC12235893,pmc_fulltext_cached,review_stages/04_extraction/inputs/fulltext_cache/pmc/PMC12235893.txt,systematic review,mixed or unspecified chronic pain,conceptual,explanatory framework,potential integrative signal
pubmed_40675665,PubMed,Bridget R Mueller | Daniel J Clauw | Lindsey B De Lott,2025,Advances in Our Understanding and Treatment of Nociplastic Pain.,Neurologic clinics,10.1016/j.ncl.2025.04.005,40675665,,,,systematic review,chronic primary pain,clinical,intervention rationale,pseudo-bps or partial signal
pubmed_41105043,PubMed,Willem W J van Strien | Markus W Hollmann,2025,Pain Perception and Modulation: Fundamental Neurobiology and Recent Advances.,The European journal of neuroscience,10.1111/ejn.70275,41105043,PMC12533558,pmc_fulltext_cached,review_stages/04_extraction/inputs/fulltext_cache/pmc/PMC12533558.txt,narrative or expert review,mixed or unspecified chronic pain,conceptual,explanatory framework,pseudo-bps or partial signal
pubmed_41268985,PubMed,Amara Kohlert | Natasha L Gallant | Taylor G Hill | Kelsy Dabek,2025,Existential therapy for treating chronic pain: A scoping review.,Applied psychology. Health and well-being,10.1111/aphw.70093,41268985,PMC12637014,pmc_fulltext_cached,review_stages/04_extraction/inputs/fulltext_cache/pmc/PMC12637014.txt,scoping or mapping review,mixed or unspecified chronic pain,clinical,intervention rationale,pseudo-bps or partial signal
pubmed_41271285,PubMed,Jeffrey T Boon | Shelbie G Turner | Catherine Riffin,2026,Dual Experience and Management of Pain in Older Adults and Their Caregivers.,Clinics in geriatric medicine,10.1016/j.cger.2025.08.005,41271285,,manual_retrieval_required,,narrative or expert review,mixed or unspecified chronic pain,clinical,explanatory framework,pseudo-bps or partial signal
