record_id,database,pmid,pmcid,doi,title,abstract,year,journal,authors,country_contact_author,publication_types,review_type,objective_text,objective_category,objective_category_source,icd11_pain_category,musculoskeletal_flag,bps_mention_location,bps_function,bio_mentioned,psych_mentioned,social_mentioned,quality_assessment_reported,psychological_concepts_detected,theoretical_frameworks_detected,conceptual_problem_flags,provisional_typology,stage3_candidate,stage3_priority,coding_rationale,coding_method,llm_model,screening_status,screening_reason,reviewer_a_objective_category,reviewer_b_objective_category,reviewer_a_provisional_typology,reviewer_b_provisional_typology,reviewer_a_notes,reviewer_b_notes,adjudicated_objective_category,adjudicated_typology
pubmed_40675665,PubMed,40675665.0,,10.1016/j.ncl.2025.04.005,Advances in Our Understanding and Treatment of Nociplastic Pain.,"Nociplastic pain is a distinct pain mechanism arising from amplified and/or dysregulated sensory processing within the central nervous system (CNS). It is clinically characterized by multisite pain as well as nonpainful symptoms including fatigue, sleep, and memory issues. Although nociplastic pain may be the primary or sole pain mechanism, it often co-occurs as part of a mixed pain syndrome in which nociceptive and neuropathic features are also present. Multimodal therapies grounded in the biopsychosocial model of pain and emphasizing nonpharmacologic treatments alongside pharmacologic interventions acting on the CNS are key to managing nociplastic pain.",2025.0,Neurologic clinics,Bridget R Mueller | Daniel J Clauw | Lindsey B De Lott,,Journal Article | Review,systematic review,Nociplastic pain is a distinct pain mechanism arising from amplified and/or dysregulated sensory processing within the central nervous system (CNS).,clinical,llm_structured,chronic primary pain,no,abstract only,intervention rationale,yes,no,yes,no,,,parallel_listing_without_integration | mechanistic_absence,multifactorial signal,no,low,Structured Stage 2 output required deterministic field repair for omitted items.,llm_structured,google/gemini-3.1-flash-lite-preview,include,,,,,,,,,
pubmed_7866373,PubMed,7866373.0,,10.1007/BF00433377,Pain and suffering: what is the unit?,"Nonspecific low back pain presents several problems to health care providers. Although the number of patients who are registered as disabled due to low back pain has dramatically increased in recent years, its incidence and severity remain fairly constant. The relationship between perceived backache and subsequent disability is not linear, and other factors may influence a patient's decision to seek help. These factors include the patient's psychological and emotional state, especially his or her past experiences, extant mood and anxiety about anticipated consequences. Physicians should not rely on a simple 'disease model' when treating low back pain but should try to identify the biopsychosocial factors involved and should understand that pain and suffering are not always synonymous.",1994.0,"Quality of life research : an international journal of quality of life aspects of treatment, care and rehabilitation",W E Fordyce,,Journal Article | Review,narrative or expert review,Nonspecific low back pain presents several problems to health care providers.,clinical,llm_structured,chronic secondary musculoskeletal pain,yes,abstract only,explanatory framework,no,yes,yes,no,anxiety,,missing_biology,multifactorial signal,yes,high,Structured Stage 2 output required deterministic field repair for omitted items.,llm_structured,google/gemini-3.1-flash-lite-preview,include,,,,,,,,,
pubmed_39468650,PubMed,39468650.0,PMC11514884,10.1186/s41927-024-00430-6,What are the functional and clinical characteristics shared by fibromyalgia and low back pain? A scoping review.,"BACKGROUND: Fibromyalgia and chronic primary low back pain are two chronic pain conditions with a significant biopsychosocial burden. Recently, the International Association for the Study of Pain has grouped them under the term chronic primary pain. To further explore similarities and differences between these two conditions, the objective of this scoping review is to explore the pain-related, physiological and psychological outcomes in individuals with fibromyalgia and low back pain.
METHODS: The following databases were used to find relevant studies, using the PRISMA guidelines: Medline, Psycinfo, and CINAHL. Studies were included if they encompassed both participants with fibromyalgia or low back pain, with the objective to compare pain-related, physiological and/or psychological outcomes.
RESULTS: Nineteen studies were selected for extraction. Among the 2801 participants, 968 had fibromyalgia (mean age 48.56 ± 7.97 years, with 94% being female) and 896 had low back pain (mean age 47.48 ± 8.15 years, with 80% being female). Pain sensitivity, physical dysfunction, illness perception, psychological distress, alexithymia, depression, and anxiety were generally more severe in participants with fibromyalgia. Most studies found similar levels of pain intensity, kinesiophobia, quality of pain, quality of life, impact of pain, suicidal risk, anger, and social support comparing individuals with fibromyalgia and individuals with low back pain.
DISCUSSION: This scoping review highlights that although both conditions show similar pain intensity and impact on quality of life, fibromyalgia is associated with greater overall severity than low back pain, especially in sensitivity to pain and depression/anxiety.",2024.0,BMC rheumatology,Bastien Couëpel | Mathieu Tremblay | Marjorie Bernier | Jacques Abboud | Martin Descarreaux,Canada,Journal Article | Scoping Review,scoping or mapping review,BACKGROUND: Fibromyalgia and chronic primary low back pain are two chronic pain conditions with a significant biopsychosocial burden.,clinical,llm_structured,chronic primary pain,yes,abstract only,organizing principle,yes,yes,yes,no,fear-avoidance | coping | depression | anxiety | illness perception | stress,,parallel_listing_without_integration | mechanistic_absence,multifactorial signal,yes,high,Structured Stage 2 output required deterministic field repair for omitted items.,llm_structured,google/gemini-3.1-flash-lite-preview,include,,,,,,,,,
pubmed_24716562,PubMed,24716562.0,,10.3928/00904481-20140325-08,"Pediatric IBS: an overview on pathophysiology, diagnosis and treatment.","Irritable bowel syndrome (IBS) is a common disorder in children and adults. The pathogenesis and pathophysiology of IBS remains incompletely understood. The biopsychosocial model, which conceptualizes chronic pain as a dysregulation of the gut-brain-homeostasis with peripheral and central factors mutually influencing each other, is the most accepted framework to explain IBS. Twin and family aggregation studies suggest a genetic component that does not exclusively explain the higher prevalence of IBS in certain families. Social learning (environmental factors) and maladaptive coping predispose children to develop IBS with greater disability and more frequent medical consultations. Early-life events constitute an additional risk factor for the development of IBS and other functional gastrointestinal disorders (FGIDs). Children with a history of cow's milk protein hypersensitivity or abdominal surgeries have a higher prevalence of IBS and other FGIDs years later. IBS frequently follows an episode of acute gastrointestinal inflammation (infectious or non-infectious). This article discusses the importance, known pathophysiological mechanisms, clinical approach, and evidence-based therapeutic options for the management of IBS in children and adolescents.",2014.0,Pediatric annals,Ashish Chogle | Stijn Mintjens | Miguel Saps,,Journal Article | Review,narrative or expert review,Irritable bowel syndrome (IBS) is a common disorder in children and adults.,conceptual,llm_structured,chronic secondary visceral pain,unclear,abstract only,explanatory framework,yes,yes,yes,no,coping,,none,potential integrative signal,yes,medium,Structured Stage 2 output required deterministic field repair for omitted items.,llm_structured,google/gemini-3.1-flash-lite-preview,include,,,,,,,,,
pubmed_26148424,PubMed,26148424.0,,10.1111/ajd.12365,Current concepts in vulvodynia with a focus on pathogenesis and pain mechanisms.,"Vulvodynia is a common and debilitating chronic pain syndrome characterised by neuropathic-type pain. Localised provoked vulvodynia is the most common type, followed by generalised unprovoked vulvodynia. Vulvodynia is a diagnosis of exclusion. The cause is unknown but current research suggests an underlying predisposition to increased sensitivity to pain and peripheral and central neural sensitisation. Musculoskeletal factors also play an important role. Vulvodynia has a significant impact on the quality of life, mood, functional ability and relationships of patients and their partners. It is highly associated with anxiety and depression. Treatment needs to follow a biopsychosocial model and be tailored to the patient. A multimodal and multidisciplinary approach is often most effective. We have suggested a therapeutic ladder.",2016.0,The Australasian journal of dermatology,Alicia M Thornton | Catherine Drummond,Australia,Journal Article | Review,narrative or expert review,Vulvodynia is a common and debilitating chronic pain syndrome characterised by neuropathic-type pain.,clinical,llm_structured,chronic primary pain,yes,abstract only,intervention rationale,yes,yes,yes,no,depression | anxiety,,tokenistic_bps | parallel_listing_without_integration | mechanistic_absence,pseudo-bps or partial signal,yes,high,Structured Stage 2 output required deterministic field repair for omitted items.,llm_structured,google/gemini-3.1-flash-lite-preview,include,,,,,,,,,
pubmed_2094850,PubMed,2094850.0,,,A biopsychosocial approach to TMJ pain--or looking for keys in the dark.,"A biopsychosocial model for understanding TMJ dysfunction is presented. The balance between biological, psychological and sociological factors involved in TMJ dysfunction and low back pain is described. If only one of these factors is treated the result may be favourable; however, if the others are neglected, the favourable result may be only temporary.",1990.0,Proceedings of the Finnish Dental Society. Suomen Hammaslaakariseuran toimituksia,G Hampf,Finland,Journal Article | Review,narrative or expert review,A biopsychosocial model for understanding TMJ dysfunction is presented.,conceptual,llm_structured,chronic secondary musculoskeletal pain,yes,title and abstract,explanatory framework,yes,yes,yes,no,,,none,potential integrative signal,yes,high,Structured Stage 2 output required deterministic field repair for omitted items.,llm_structured,google/gemini-3.1-flash-lite-preview,include,,,,,,,,,
pubmed_29729787,PubMed,29729787.0,PMC6800257,10.1016/j.hoc.2018.01.014,Key Components of Pain Management for Children and Adults with Sickle Cell Disease.,"Sickle cell disease pain manifests as severe acute pain episodes and a debilitating chronic pain syndrome. Acute pain episodes are the most common reason for health care use; however, acute pain episodes are also frequently managed at home. Chronic pain syndrome develops in 30% to 40% of individuals with sickle cell disease, with an increasing incidence and severity with age. We review the critical aspects of pain management that are integral to the comprehensive approach to sickle cell disease pain and are rooted in the biopsychosocial model. The review focuses on opioid pharmacology and psychosocial comorbidities.",2018.0,Hematology/oncology clinics of North America,Amanda M Brandow | Michael R DeBaun,,"Journal Article | Research Support, N.I.H., Extramural | Review",narrative or expert review,Sickle cell disease pain manifests as severe acute pain episodes and a debilitating chronic pain syndrome.,clinical,llm_structured,mixed or unspecified chronic pain,unclear,abstract only,background framing,no,no,yes,no,psychosocial comorbidities,,parallel_listing_without_integration | mechanistic_absence | missing_biology,pseudo-bps or partial signal,yes,medium,Structured Stage 2 output required deterministic field repair for omitted items.,llm_structured,google/gemini-3.1-flash-lite-preview,include,,,,,,,,,
pubmed_30520741,PubMed,30520741.0,,10.1097/ACO.0000000000000675,Pain therapy for the elderly patient: is opioid-free an option?,"PURPOSE OF REVIEW: Chronic noncancer pain is an increasing problem in elderly because of rising life expectancy together with an increase of potentially painful medical conditions. Concomitantly, adequate treatment of elderly is often limited by coexisting diseases and polypharmacy.This review summarizes the most important specifics presented by elderly patients and discusses the pharmacological and nonpharmacological options of pain management.
RECENT FINDINGS: A comprehensive pain assessment is a prerequisite for effective pain management. However, this can be a major challenge in patients who are unable to communicate adequately, that is, in patients with dementia. A recently developed electronic tool assessing automated facial expression and clinical behavioral indicators may help to solve this problem. The discussion about benefits and harms of opioids in elderly goes on. Although some authors underline the lack of efficacy together with the potential problems, such as, abuse, others report a beneficial effect in terms of pain relief, functional activities and disability. In addition, opioids have become an important treatment option in patients with restless legs syndrome. Various topical treatment options (i.e. capsaicin patch) and nonpharmacological interventions have been proven to be beneficial in elderly.
SUMMARY: Adequate pain management of elderly patients constitutes numerous pharmacological options including nonopioids, opioids, coanalgesics and topical agents. Due to age-related characteristics, all systemic analgesics have to be given very cautiously ('start low, go slow'). Whenever possible, treatment should be performed as a multimodal approach based on the biopsychosocial model of chronic pain.",2019.0,Current opinion in anaesthesiology,Benjamin Luchting | Shahnaz Christina Azad,,Journal Article | Review,narrative or expert review,PURPOSE OF REVIEW: Chronic noncancer pain is an increasing problem in elderly because of rising life expectancy together with an increase of potentially painful medical conditions.,clinical,llm_structured,mixed or unspecified chronic pain,no,abstract only,intervention rationale,yes,no,yes,no,,,tokenistic_bps | vague_definition,rhetorical label signal,yes,low,Structured Stage 2 output required deterministic field repair for omitted items.,llm_structured,google/gemini-3.1-flash-lite-preview,include,,,,,,,,,
pubmed_26889614,PubMed,26889614.0,,10.1097/AJP.0000000000000342,Chronic Pain Following Motor Vehicle Collision: A Systematic Review of Outcomes Associated With Seeking or Receiving Compensation.,"OBJECTIVE: Motor vehicle collisions (MVC) are a major cause of injury, which frequently lead to chronic pain and prolonged disability. Several studies have found that seeking or receiving financial compensation following MVC leads to poorer recovery and worse pain. We evaluated the evidence for the relationship between compensation and chronic pain following MVC within a biopsychosocial framework.
METHOD: A comprehensive search of 5 computerized databases was conducted. Methodological quality was evaluated independently by 2 researchers according to formal criteria, and discrepancies were resolved with a third reviewer.
RESULTS: We identified 5619 studies, from which 230 full-text articles were retrieved and 27 studies were retained for appraisal. A third of studies (37%) were of low quality, and 44% did not measure or control for factors such as injury severity or preinjury pain and disability. Most studies (70%) reported adverse outcomes, including all of the highest quality studies. Engagement with compensation systems was related to more prevalent self-reported chronic pain, mental health disorders, and reduced return to work. Recovery was poorer when fault was attributed to another, or when a lawyer was involved. Five studies compared Tort ""common law"" and No-Fault schemes directly and concluded that Tort claimants had poorer recovery.
CONCLUSIONS: Although causal relationships cannot be assumed, the findings imply that aspects of loss, injustice, and secondary mental health outcomes lead to chronic pain following MVC. Further robust prospective research is required to understand the complex relationship between compensation systems and pain following road trauma, particularly the role of secondary mental health outcomes.",2016.0,The Clinical journal of pain,Melita J Giummarra | Liane Ioannou | Jennie Ponsford | Peter A Cameron | Paul A Jennings | Stephen J Gibson | Nellie Georgiou-Karistianis,Australia,Journal Article | Systematic Review,systematic review,"OBJECTIVE: Motor vehicle collisions (MVC) are a major cause of injury, which frequently lead to chronic pain and prolonged disability. Several studies have found that seeking or receiving financial compensation following MVC leads to poorer recovery and worse pain. We evaluated the evidence for the relationship between compensation and chronic pain following MVC within a biopsychosocial framework.",epidemiological,llm_structured,chronic postsurgical or posttraumatic pain,unclear,abstract only,explanatory framework,no,no,yes,no,,,missing_biology,potential integrative signal,yes,medium,Structured Stage 2 output required deterministic field repair for omitted items.,llm_structured,google/gemini-3.1-flash-lite-preview,include,,,,,,,,,
pubmed_38063895,PubMed,38063895.0,PMC11579083,10.1007/s00406-023-01721-8,A clinical approach to the investigation and management of long COVID associated neuropathic pain.,"COVID-19 has been associated with a wide range of ongoing symptoms following recovery from the acute SARS-CoV-2 infection. Around one in three people with COVID-19 develop neurological symptoms with many reporting neuropathic pain and associated symptoms, including paraesthesia, numbness, and dysesthesia. Whilst the pathophysiology of long COVID-19-associated neuropathic pain remains unclear, it is likely to be multifactorial. Early identification, exclusion of common alternative causes, and a biopsychosocial approach to the management of the symptoms can help in relieving the burden of disease and improving the quality of life for patients.",2024.0,European archives of psychiatry and clinical neuroscience,Rajish Sanjit Kumar Shil | Thomas William Hughes | Brendan Francis Sargent | Yun Huang | Arina Anna Tamborska | Bernhard Frank | Mark Alexander Ellul | Benedict Daniel Michael,,Journal Article | Review,narrative or expert review,COVID-19 has been associated with a wide range of ongoing symptoms following recovery from the acute SARS-CoV-2 infection.,clinical,llm_structured,chronic neuropathic pain,no,abstract only,intervention rationale,yes,no,yes,no,,,tokenistic_bps | parallel_listing_without_integration | mechanistic_absence,pseudo-bps or partial signal,no,low,Structured Stage 2 output required deterministic field repair for omitted items.,llm_structured,google/gemini-3.1-flash-lite-preview,include,,,,,,,,,
pubmed_29460009,PubMed,29460009.0,,10.1007/s00586-017-5433-8,The Global Spine Care Initiative: applying evidence-based guidelines on the non-invasive management of back and neck pain to low- and middle-income communities.,"PURPOSE: The purpose of this review was to develop recommendations for the management of spinal disorders in low-income communities, with a focus on non-invasive pharmacological and non-pharmacological therapies for non-specific low back and neck pain.
METHODS: We synthesized two evidence-based clinical practice guidelines for the management of low back and neck pain. Our recommendations considered benefits, harms, quality of evidence, and costs, with attention to feasibility in medically underserved areas and low- and middle-income countries.
RESULTS: Clinicians should provide education and reassurance, advise patients to remain active, and provide information about self-care options. For acute low back and neck pain without serious pathology, primary conservative treatment options are exercise, manual therapy, superficial heat, and nonsteroidal anti-inflammatory drugs (NSAIDs). For patients with chronic low back and neck pain without serious pathology, primary treatment options are exercise, yoga, cognitive behavioral therapies, acupuncture, biofeedback, progressive relaxation, massage, manual therapy, interdisciplinary rehabilitation, NSAIDs, acetaminophen, and antidepressants. For patients with spinal pain with radiculopathy, clinicians may consider exercise, spinal manipulation, or NSAIDs; use of other interventions requires extrapolation from evidence regarding effectiveness for non-radicular spinal pain. Clinicians should not offer treatments that are not effective, including benzodiazepines, botulinum toxin injection, systemic corticosteroids, cervical collar, electrical muscle stimulation, short-wave diathermy, transcutaneous electrical nerve stimulation, and traction.
CONCLUSION: Guidelines developed for high-income settings were adapted to inform a care pathway and model of care for medically underserved areas and low- and middle-income countries by considering factors such as costs and feasibility, in addition to benefits, harms, and the quality of underlying evidence. The selection of recommended conservative treatments must be finalized through discussion with the involved community and based on a biopsychosocial approach. Decision determinants for selecting recommended treatments include costs, availability of interventions, and cultural and patient preferences. These slides can be retrieved under Electronic Supplementary Material.",2018.0,"European spine journal : official publication of the European Spine Society, the European Spinal Deformity Society, and the European Section of the Cervical Spine Research Society",Roger Chou | Pierre Côté | Kristi Randhawa | Paola Torres | Hainan Yu | Margareta Nordin | Eric L Hurwitz | Scott Haldeman | Christine Cedraschi,,"Journal Article | Research Support, Non-U.S. Gov't | Review",systematic review,"PURPOSE: The purpose of this review was to develop recommendations for the management of spinal disorders in low-income communities, with a focus on non-invasive pharmacological and non-pharmacological therapies for non-specific low back and neck pain.",clinical,llm_structured,chronic secondary musculoskeletal pain,yes,abstract only,intervention rationale,yes,yes,yes,yes,depression,,none,potential integrative signal,yes,high,Structured Stage 2 output required deterministic field repair for omitted items.,llm_structured,google/gemini-3.1-flash-lite-preview,include,,,,,,,,,
pubmed_31977935,PubMed,31977935.0,,10.1097/j.pain.0000000000001809,Physiotherapists' perceptions of learning and implementing a biopsychosocial intervention to treat musculoskeletal pain conditions: a systematic review and metasynthesis of qualitative studies.,"Clinical practice guidelines recommend a biopsychosocial approach for the management of musculoskeletal pain conditions, but physiotherapists have reported feeling inadequately trained and lacking in confidence to deal with psychosocial issues. Although a growing number of studies are exploring physiotherapists' perceptions of biopsychosocial training, the results have not been synthesized. Therefore, the aim of this systematic review and metasynthesis of qualitative studies was to explore physiotherapists' perceptions of learning and implementing a biopsychosocial intervention to treat musculoskeletal pain conditions. A search of the electronic databases: MEDLINE, EMBASE, CINAHL, ERIC, PsycInfo, SportDiscus, and Sociological abstracts identified eligible studies. We included full-text qualitative and mixed-methodology studies published in English, which investigated physiotherapists' perceptions of learning and implementing biopsychosocial interventions. Twelve studies involving 113 participants met the inclusion criteria, and a thematic synthesis was conducted. The quality of the included studies was appraised using the Clinical Appraisal Screening Program. Four main themes emerged from the data: changed understanding and practice, professional benefits, clinical challenges, and learning requirements. The results of this study indicate that although the physiotherapists reported a shift towards more biopsychosocial and person-centered approaches, the training interventions did not sufficiently help them feel confident in delivering all the aspects. Planning future implementation interventions and training physiotherapists through a biopsychosocial approach should focus on adequate training and individualized mentoring related to psychosocial factors, and discussion of role boundaries, patient expectations, and organizational factors such as time constraints and referral pathways.",2020.0,Pain,Riikka Holopainen | Phoebe Simpson | Arja Piirainen | Jaro Karppinen | Rob Schütze | Anne Smith | Peter O'Sullivan | Peter Kent,Finland,"Journal Article | Research Support, Non-U.S. Gov't | Systematic Review",systematic review,"aim of this systematic review and metasynthesis of qualitative studies was to explore physiotherapists' perceptions of learning and implementing a biopsychosocial intervention to treat musculoskeletal pain conditions. A search of the electronic databases: MEDLINE, EMBASE, CINAHL, ERIC, PsycInfo, SportDiscus, and Sociological abstracts identified eligible studies. We included full-text qualitative and mixed-methodology studies published in English, which investigated physiotherapists' perceptions of learning and implementing biopsychosocial interventions. Twelve studies involving 113 participants met the inclusion criteria, and a thematic synthesis was conducted. The quality of the included studies was appraised using the Clinical Appraisal Screening Program. Four main themes emerged from the data: changed understanding and practice, professional benefits, clinical challenges, and learning requirements. The results of this study indicate that although the physiotherapists reported a shift towards more biopsychosocial and person-centered approaches, the training interventions did not sufficiently help them feel confident in delivering all the aspects. Planning future implementation interventions and training physiotherapists through a biopsychosocial approach should focus on adequate training and individualized mentoring related to psychosocial factors, and discussion of role boundaries, patient expectations, and organizational factors such as time constraints and referral pathways.",clinical,llm_structured,chronic secondary musculoskeletal pain,yes,title and abstract,intervention rationale,yes,no,yes,no,,,none,potential integrative signal,yes,high,Structured Stage 2 output required deterministic field repair for omitted items.,llm_structured,google/gemini-3.1-flash-lite-preview,include,,,,,,,,,
pubmed_38137395,PubMed,38137395.0,PMC10740819,10.3390/biomedicines11123174,Aerobic Exercise and Neuropathic Pain: Insights from Animal Models and Implications for Human Therapy.,"This narrative review explores the complex relationship between aerobic exercise (AE) and neuropathic pain (NP), particularly focusing on peripheral neuropathies of mechanical origin. Pain, a multifaceted phenomenon, significantly impacts functionality and distress. The International Association for the Study of Pain's definition highlights pain's biopsychosocial nature, emphasizing the importance of patient articulation. Neuropathic pain, arising from various underlying processes, presents unique challenges in diagnosis and treatment. Our methodology involved a comprehensive literature search in the PubMed and SCOPUS databases, focusing on studies relating AE to NP, specifically in peripheral neuropathies caused by mechanical forces. The search yielded 28 articles and 1 book, primarily animal model studies, providing insights into the efficacy of AE in NP management. Results from animal models demonstrate that AE, particularly in forms like no-incline treadmill and swimming, effectively reduces mechanical allodynia and thermal hypersensitivity associated with NP. AE influences neurophysiological mechanisms underlying NP, modulating neurotrophins, cytokines, and glial cell activity. These findings suggest AE's potential in attenuating neurophysiological alterations in NP. However, human model studies are scarce, limiting the direct extrapolation of these findings to human neuropathic conditions. The few available studies indicate AE's potential benefits in peripheral NP, but a lack of specificity in these studies necessitates further research. In conclusion, while animal models show promising results regarding AE's role in mitigating NP symptoms and influencing underlying neurophysiological mechanisms, more human-centric research is required. This review underscores the need for targeted clinical trials to fully understand and harness AE's therapeutic potential in human neuropathic pain, especially of mechanical origin.",2023.0,Biomedicines,Jorge Ruimonte-Crespo | Gustavo Plaza-Manzano | María José Díaz-Arribas | Marcos José Navarro-Santana | José Javier López-Marcos | Raúl Fabero-Garrido | Tamara Seijas-Fernández | Juan Antonio Valera-Calero,Spain,Journal Article | Review,narrative or expert review,"This narrative review explores the complex relationship between aerobic exercise (AE) and neuropathic pain (NP), particularly focusing on peripheral neuropathies of mechanical origin.",clinical,llm_structured,chronic neuropathic pain,no,abstract only,rhetorical label,yes,yes,yes,no,stress,,missing_social | tokenistic_bps | vague_definition,pseudo-bps or partial signal,no,low,Structured Stage 2 output required deterministic field repair for omitted items.,llm_structured,google/gemini-3.1-flash-lite-preview,include,,,,,,,,,
pubmed_32988440,PubMed,32988440.0,,10.1071/HC19117,Six things you need to know about low back pain.,"Low back pain (LBP) is the leading contributor to years lived with disability, and imposes an enormous burden on individuals and on health-care systems. General practitioners and physiotherapists are generally the front-line health professionals dealing with patients with LBP, and have a key role in minimising its effect. Here we review six key issues associated with LBP including its effects, diagnosis and management in primary care, and highlight the importance of the biopsychosocial model and matched care for patients with LBP.",2020.0,Journal of primary health care,G David Baxter | Cathy Chapple | Richard Ellis | Julia Hill | Lizhou Liu | Ramakrishnan Mani | Duncan Reid | Tim Stokes | Steve Tumilty,New Zealand,Journal Article | Review,narrative or expert review,"Low back pain (LBP) is the leading contributor to years lived with disability, and imposes an enormous burden on individuals and on health-care systems.",clinical,llm_structured,chronic secondary musculoskeletal pain,yes,abstract only,intervention rationale,no,no,yes,no,,,tokenistic_bps | parallel_listing_without_integration | mechanistic_absence | missing_biology,pseudo-bps or partial signal,yes,high,Structured Stage 2 output required deterministic field repair for omitted items.,llm_structured,google/gemini-3.1-flash-lite-preview,include,,,,,,,,,
pubmed_22102156,PubMed,22102156.0,,10.1007/s11916-011-0228-9,Chronic daily headache in children and adolescents.,"Chronic daily headache (CDH) may be primary or secondary. Secondary causes can be suspected through ""red flags"" in the history and examination. With a prevalence of at least 1% and several associations, primary CDH is a common, often complex, chronic pain syndrome in children and adolescents. The intricate associations between stressors, psychiatric disorders (especially anxiety and depression), and CDH can be explained by ""the limbically augmented pain syndrome"" proposed by Rome and Rome. Disorders of sleep and other pain syndromes also may co-occur. For these reasons, a multiaxial classification is ideal. Many with primary CDH have features of both chronic migraine and chronic tension-type headache, contributing to confusion in subtyping. Primary CDH is often transformed from a primary episodic headache type, stressors being most responsible. Genetic factors also may facilitate chronification. Management should be biopsychosocial, family-centered, and often multidisciplinary, drugs being only one component. Treatment is still based on consensus, not evidence. Girls, migraineurs, and those with psychiatric comorbidity, medication overuse, and CDH onset before the age of 13 years and lasting for 2 years or longer, are at high risk for persistence; hence, such patients should be followed up into adult life. A classification for CDH should be included in the third edition of the International Classification of Headache Disorders.",2012.0,Current pain and headache reports,Shashi S Seshia,Canada,Journal Article | Review,narrative or expert review,Chronic daily headache (CDH) may be primary or secondary.,clinical,llm_structured,chronic secondary headache or orofacial pain,no,abstract only,intervention rationale,yes,yes,yes,no,depression | anxiety | stress,,parallel_listing_without_integration | mechanistic_absence,multifactorial signal,no,low,Structured Stage 2 output required deterministic field repair for omitted items.,llm_structured,google/gemini-3.1-flash-lite-preview,include,,,,,,,,,
pubmed_28752491,PubMed,28752491.0,PMC6335024,10.1007/s11926-017-0683-3,Predictors of Osteoarthritis Pain: the Importance of Resilience.,"PURPOSE OF REVIEW: Osteoarthritis (OA) is one of the most common and disabling forms of arthritis worldwide, with joint pain being a primary symptom. Given that clinical symptoms often show poor concordance with tissue damage in OA, processes other than joint remodeling likely play a role in the condition. Using the biopsychosocial model of pain as a guiding framework, the purpose of this review is to highlight the extra-articular mechanisms that contribute to pain and dysfunction in OA, with a specific focus on resilience.
RECENT FINDINGS: Whereas previous research has mostly focused on risk factors for worsening of OA pain, recently emerging evidence places greater emphasis on the identification of protective mechanisms that enhance pain adaptation and palliate the negative effects of joint pain. In view of this new and important research, more emphasis should be placed on endogenous pain modulation and, in particular, pain attenuation. The result of such work could serve as a basis for optimizing treatment in the OA population.",2017.0,Current rheumatology reports,Emily J Bartley | Shreela Palit | Roland Staud,,Journal Article | Review,systematic review,"PURPOSE OF REVIEW: Osteoarthritis (OA) is one of the most common and disabling forms of arthritis worldwide, with joint pain being a primary symptom.",conceptual,llm_structured,chronic secondary musculoskeletal pain,yes,abstract only,explanatory framework,yes,yes,yes,no,resilience,,none,potential integrative signal,yes,high,Structured Stage 2 output required deterministic field repair for omitted items.,llm_structured,google/gemini-3.1-flash-lite-preview,include,,,,,,,,,
pubmed_32871946,PubMed,32871946.0,PMC7458239,10.1097/MD.0000000000021969,Effectiveness of walking versus mind-body therapies in chronic low back pain: A systematic review and meta-analysis of recent randomized controlled trials.,"PURPOSE: Walking and mind-body therapies (MBTs) are commonly recommended to relieve pain and improve function in patients with chronic low back pain (CLBP). The purpose of this study was to compare the effectiveness of walking and MBTs in CLBP.
METHODS: We included randomized controlled trials (RCTs) comparing walking or MBTs to any other intervention or control in adults with CLBP. Studies were identified through PubMed, Cochrane Library, PsycINFO, Scopus, and ScienceDirect databases. The research was limited to studies published in English and French between January 2008 and December 2018. Two reviewers independently selected the studies, extracted data, and assessed studies quality using the Physiotherapy Evidence Database (PEDro) scale. Statistical analyses were performed under a random-effects model. We analyzed pain and activity limitation, with the calculation of standardized mean differences and 95% confidence intervals for the different treatment effects.
RESULTS: Thirty one randomized controlled trials involving 3193 participants were analyzed. Walking was as effective as control interventions in the short-term and slightly superior in the intermediate term with respect to pain (Standardized mean differences (SMD)  = -0.34; 95% CI, -0.65 to -0.03; P = .03) and activity limitation (SMD = -0.30; 95% CI, -0.50 to -0.10; P = .003). In contrast, yoga was more effective than control interventions in the short term in terms of pain (SMD = -1.47; 95% CI, -2.26 to -0.68; P = .0003) and activity limitation (SMD = -1.17; 95% CI, -1.80 to -0.55; P = .0002). Yoga was no longer superior to the control interventions for pain at the 6-month follow-up.
CONCLUSION: MBTs, especially yoga, seem to be more effective in the short term, and walking seems to be more effective in the intermediate term, for the relief of pain and activity limitation in patients with CLBP. A combination of walking and MBTs fits the biopsychosocial model and might be valuable therapy for CLBP throughout follow-up due to combined effects.",2020.0,Medicine,Ildephonse Nduwimana | Félix Nindorera | Jean Louis Thonnard | Oyene Kossi,Belgium,Comparative Study | Journal Article | Meta-Analysis | Systematic Review,meta-analysis,PURPOSE: Walking and mind-body therapies (MBTs) are commonly recommended to relieve pain and improve function in patients with chronic low back pain (CLBP).,clinical,llm_structured,chronic secondary musculoskeletal pain,yes,abstract only,intervention rationale,no,no,yes,no,,,missing_biology,potential integrative signal,yes,high,Structured Stage 2 output required deterministic field repair for omitted items.,llm_structured,google/gemini-3.1-flash-lite-preview,include,,,,,,,,,
pubmed_23314014,PubMed,23314014.0,,10.1097/SPC.0b013e32835d7ed2,Evidence-based approach to manage persistent wound-related pain.,"PURPOSE OF REVIEW: Pain is a significant concern in people with chronic wounds. A systematized approach is recommended for the management of wound-associated pain with the objectives to address pain relief, increase function, and restore overall quality of life.
RECENT FINDINGS: Combinations of pharmacological agents are often recommended based on varying degree of pain severity, coexisting nociceptive and neuropathic pain, and chronic inflammation related to wound-associated pain. Topical agents including morphine, tricyclic antidepressants (e.g., amitriptyline), nonsteroidal anti-inflammatory drugs (NSAIDs), capsaicin, ketamine, and lidocaine/prilocaine provide pain relief with minimal side effects. Mindful dressing selection to minimize trauma, handle excess fluid, and prevent periwound skin damage has been shown to reduce persistent wound pain. To avoid nocebo hyperalgesia, it is important to address emotions, anticipation or negative expectation of discomfort.
SUMMARY: Pain is a complex biopsychosocial phenomenon that requires multiple pharmacological and nonpharmacological management approach.",2013.0,Current opinion in supportive and palliative care,Kevin Y Woo | Laura K Abbott | Lawrence Librach,Canada,Journal Article | Review,narrative or expert review,PURPOSE OF REVIEW: Pain is a significant concern in people with chronic wounds.,clinical,llm_structured,mixed or unspecified chronic pain,no,abstract only,intervention rationale,yes,yes,yes,no,depression,,tokenistic_bps | parallel_listing_without_integration | mechanistic_absence,pseudo-bps or partial signal,yes,low,Structured Stage 2 output required deterministic field repair for omitted items.,llm_structured,google/gemini-3.1-flash-lite-preview,include,,,,,,,,,
pubmed_40418249,PubMed,40418249.0,PMC12202764,10.1093/joccuh/uiaf028,Biopsychosocial and physical factors associated with firefighter musculoskeletal disorders: a systematic review.,"OBJECTIVES: Firefighters are frequently exposed to psychologically and physically stressful experiences. This volatile occupational environment is thought to contribute to the risk of firefighter musculoskeletal disorders (MSDs). However, investigations of firefighter MSDs are limited, and to our knowledge, have not been collectively examined. The purpose of this novel systematic review was to systematically identify, critically appraise, and synthesize evidence regarding the relationship between MSDs and personal, physical, and psychosocial factors among career firefighters to guide future study directions.
METHODS: Five electronic databases (MEDLINE, CINAHL, SPORTDiscus, APA PsychInfo, PubMed) were searched from inception to December 12, 2024, which yielded 741 results. This review followed PRISMA (Preferred Reporting Items for Systematic Reviews and Meta-Analyses) 2020 guidelines and used the AXIS (Assess the Quality of Cross-Sectional Studies) tool.
RESULTS: The final review included 20 cross-sectional studies (AXIS scores 12-18). Of those, 19 examined physical factor(s), and 16 examined psychosocial factor(s). The overall evidence suggests a positive relationship between firefighter MSD reports and body mass index (BMI), occupational stress, and depression. A negative relationship to physical activity engagement was consistently observed.
CONCLUSIONS: Body mass index , physical activity, and occupational stress were the most consistently examined factors related to firefighter MSDs. Odds of MSD occurrences were positively related to occupational stress and BMI, and negatively related to physical activity engagement; therefore, future investigations can focus primarily on these factors in relation to MSD risk. The establishment of reliable and culturally appropriate MSD report forms among firefighters is warranted as data collected were heterogeneous and not directly comparable. Finally, this report suggests that prospective examinations of both physical and psychosocial factors related to firefighter MSDs are needed.",2025.0,Journal of occupational health,Jennifer Tinsley Kubala | Rachel Kleis | Johanna Hoch,United States,Journal Article | Systematic Review,systematic review,"OBJECTIVES: Firefighters are frequently exposed to psychologically and physically stressful experiences. This volatile occupational environment is thought to contribute to the risk of firefighter musculoskeletal disorders (MSDs). However, investigations of firefighter MSDs are limited, and to our knowledge, have not been collectively examined. The purpose of this novel systematic review was to systematically identify, critically appraise, and synthesize evidence regarding the relationship between MSDs and personal, physical, and psychosocial factors among career firefighters to guide future study directions.",epidemiological,llm_structured,chronic secondary musculoskeletal pain,yes,title only,organizing principle,yes,yes,yes,no,depression | stress,,parallel_listing_without_integration | mechanistic_absence,multifactorial signal,yes,high,Structured Stage 2 output required deterministic field repair for omitted items.,llm_structured,google/gemini-3.1-flash-lite-preview,include,,,,,,,,,
pubmed_12421777,PubMed,12421777.0,PMC1756295,10.1136/emj.19.6.526,Prevention of chronic pain after whiplash.,"The acute whiplash injury is a significant health burden for patients and the healthcare system. Traditional approaches to treatment fail to resolve this ever growing medicolegal and social problem. A new biopsychosocial model of whiplash disorder encourages new ways of treating and preventing of the chronic disability. This biopsychosocial model takes into account the mechanism by which acute pain becomes chronic pain, and how this can be prevented. Specific education and treatments encourage a behaviour after whiplash injury that is conducive to more rapid recovery, and provides the whiplash patient with insight into the mediators of chronic pain. The article describes in practical terms how to use education, reassurance, a more judicious use of therapy, and exercise to achieve this goal. Practical guidelines are provided on educating the patient about other symptoms that may cause concern.",2002.0,Emergency medicine journal : EMJ,R Ferrari,Canada,Journal Article | Review,narrative or expert review,The acute whiplash injury is a significant health burden for patients and the healthcare system.,clinical,llm_structured,chronic postsurgical or posttraumatic pain,unclear,abstract only,intervention rationale,yes,no,yes,no,,,parallel_listing_without_integration | mechanistic_absence,multifactorial signal,yes,medium,Structured Stage 2 output required deterministic field repair for omitted items.,llm_structured,google/gemini-3.1-flash-lite-preview,include,,,,,,,,,
pubmed_22814445,PubMed,22814445.0,,10.1016/j.ptsp.2011.12.001,A neuroscience approach to managing athletes with low back pain.,"Low back pain (LBP) is a common complaint within the athletic population and is commonly managed through a biomedical approach. The injured or damaged structure causing the LBP is identified and treated, and complete recovery from the episode is expected. Clinical experience shows us that often, athletes with LBP will not recover from their episode and may continue their sports participation despite persistent pain, or they may limit participation. Recent neuroscience research into the biology of pain suggests that clinicians involved in the management of athletes with LBP should embrace a biopsychosocial approach by engaging the brain and nervous system. This manuscript provides an overview of such a biopsychosocial approach, and presents information on the neurobiology of the athlete's pain experience.",2012.0,Physical therapy in sport : official journal of the Association of Chartered Physiotherapists in Sports Medicine,Emilio J Puentedura | Adriaan Louw,,Journal Article | Review,systematic review,Low back pain (LBP) is a common complaint within the athletic population and is commonly managed through a biomedical approach.,clinical,llm_structured,chronic secondary musculoskeletal pain,yes,abstract only,intervention rationale,yes,no,yes,no,pain experience,neuroscience,none,potential integrative signal,yes,high,Structured Stage 2 output required deterministic field repair for omitted items.,llm_structured,google/gemini-3.1-flash-lite-preview,include,,,,,,,,,
pubmed_38470686,PubMed,38470686.0,PMC10931313,10.3390/healthcare12050575,Etiologic Factors of Temporomandibular Disorders: A Systematic Review of Literature Containing Diagnostic Criteria for Temporomandibular Disorders (DC/TMD) and Research Diagnostic Criteria for Temporomandibular Disorders (RDC/TMD) from 2018 to 2022.,"This study aims to conduct a systematic analysis of literature published between 1 January 2018 and 1 September 2022, exploring factors influencing the progression or development of temporomandibular disorders (TMD), diagnosed using the Diagnostic Criteria for Temporomandibular Disorders (DC/TMD) or Research Diagnostic Criteria for Temporomandibular Disorders (RDC/TMD). Three electronic databases were reviewed to identify papers that examined TMD factors using DC/TMD or RDC/TMD. Inclusion criteria encompassed original research published in English between 1 January 2018 and 1 October 2022, online, and complete DC/TMD or RDC/TMD studies on human participants aged 18 or older. Two authors independently assessed the risk of bias using The Joanna Briggs Institute (JBI) Analytical cross-sectional studies' Critical Appraisal Tool. Of 1478 articles, 11 were included. The studies revealed strong associations between TMD and factors such as female, poor sleep quality, depression, oral parafunction, anxiety, somatization, and anatomical features. However, variables such as education, living conditions, socioeconomic status, marital status, chronic pain, and stress did not exhibit statistically significant correlations. Based on the obtained data, it can be concluded that the causes of TMD are largely related to psychological factors, which supports the biopsychosocial theory of the disorder.",2024.0,"Healthcare (Basel, Switzerland)",Joanna Warzocha | Joanna Gadomska-Krasny | Joanna Mrowiec,Poland,Journal Article | Review,systematic review,"aims to conduct a systematic analysis of literature published between 1 January 2018 and 1 September 2022, exploring factors influencing the progression or development of temporomandibular disorders (TMD), diagnosed using the Diagnostic Criteria for Temporomandibular Disorders (DC/TMD) or Research Diagnostic Criteria for Temporomandibular Disorders (RDC/TMD). Three electronic databases were reviewed to identify papers that examined TMD factors using DC/TMD or RDC/TMD. Inclusion criteria encompassed original research published in English between 1 January 2018 and 1 October 2022, online, and complete DC/TMD or RDC/TMD studies on human participants aged 18 or older. Two authors independently assessed the risk of bias using The Joanna Briggs Institute (JBI) Analytical cross-sectional studies' Critical Appraisal Tool. Of 1478 articles, 11 were included. The studies revealed strong associations between TMD and factors such as female, poor sleep quality, depression, oral parafunction, anxiety, somatization, and anatomical features. However, variables such as education, living conditions, socioeconomic status, marital status, chronic pain, and stress did not exhibit statistically significant correlations. Based on the obtained data, it can be concluded that the causes of TMD are largely related to psychological factors, which supports the biopsychosocial theory of the disorder.",epidemiological,llm_structured,chronic secondary headache or orofacial pain,unclear,abstract only,rhetorical label,no,yes,yes,yes,depression | anxiety | stress,,tokenistic_bps | vague_definition | missing_biology,rhetorical label signal,yes,medium,Structured Stage 2 output required deterministic field repair for omitted items.,llm_structured,google/gemini-3.1-flash-lite-preview,include,,,,,,,,,
